<?xml version="1.0" encoding="UTF-8"?>
<?xml-model href="relaxngexerc2%20folder/relaxngexerc2.rnc" type="application/relax-ng-compact-syntax"?>
<xml>
    <top_block>
        <title>BALLAD OF BOOKER T.</title>
        <character type="author">by Langston Hughes</character>
    </top_block>
    <ballad>
        <character type="historical">Booker T.</character><l n="1"/> Was a practical man.<l n="2"/>
        <!--Booker T was an advocate for black education and founder of the largest black school in the south known as the tuskegee institute-->
        He said, Till the soil<l n="3"/> And learn from the land.<l n="4"/> Let down your <covered
            by="stamp">bucket</covered><l n="5"/> Where you are.<l n="6"/>
        <!--this is refering to his stance on being pro vocactional--> Your fate is <covered
            by="stamp">here</covered><l n="7"/> And not afar.<l n="8"/> To help <covered by="stamp"
            >yourself</covered><l n="9"/> And your fellow <covered by="stamp">man</covered>,<l
            n="10"/> Train your head,<l n="11"/> Your heart, <undl>and your hand</undl>.<l
            n="12"/> For smartness alone's<l n="13"/> Surely not meet—<l n="14"/> If you haven't at
        the same time<l n="15"/> Got something to eat.<l n="16"/> Thus at Tuskegee<l n="17"/> He
        built a school<l n="18"/> With book-learning there<l n="19"/> And the workman's tool.<l
            n="20"/>
        <!--the best way to get an education and career opportunities as an african american--> He
        started out<l n="21"/> In a simple way—<l n="22"/> For yesterday<l n="23"/> Was <undl
            >not</undl> today.<l n="24"/> Sometimes he had<l n="25"/> Compromise in his talk—<l
            n="26"/> For a man must crawl<l n="27"/> Before he can walk—<l n="28"/>
        <!--this is a reference to "the atlanta comprimise" where many thought his speech was endorsing racial segregation-->
        And in Alabama in '85<l n="29"/> A joker was lucky<l n="30"/> To be alive.<l n="31"/> But
        Booker T.<l n="32"/> Was nobody's fool:<l n="33"/>
        <!--although it was dangerous to do this as a black man, he still chose to fight for what he believed in-->
        You may carve a dream<l n="34"/> With an humble tool.<l n="35"/> The tallest tower<l n="36"
        /> Can tumble down<l n="37"/> If it be not rooted<l n="38"/> In solid ground.<l n="39"/> So,
        being a far-seeing<l n="40"/> Practical man,<l n="41"/> He said, Train your head,<l n="42"/>
        Your heart, <undl>and your hand</undl>.<l n="43"/> Your fate is here<l n="43"/> And
        not afar,<l n="45"/> So let down your bucket<l n="46"/> Where you are.<l n="47"/>
    </ballad>
    <end_block>
        <covered by="signature">Final draft <location>Hollow Hills Farm</location> Monterey,
            California June 1, 1941</covered>
    </end_block>
    <citation source="langston hughes collection"> Drafts of Langston Hughes's poem "Ballad of
        Booker T.," <when format="nineteenfortyone">30 May–1 June 1941</when>. Manuscript Division,
            <location where="publisher">Library of Congress, Washington, D.C.</location>
    </citation>
    <br_txt>
        <unclear why="backwards">284.26.5.64</unclear>
        <unclear why="cyptic">[.te7069]</unclear>
    </br_txt>
</xml>
