<?xml version="1.0" encoding="UTF-8"?>
<?xml-model href="relaxngexerc2.rnc" type="application/relax-ng-compact-syntax"?>
<xml>
    <top_block>
        <title>BALLAD OF BOOKER T.</title>
        <character type="author">by Langston Hughes</character>
    </top_block>
    <ballad>
        <l n="1">
            <character type="historical">Booker T.</character>
        </l>
        <l n="2">Was a practical man.</l>
        <l n="3">He said, Till the soil</l>
        <l n="4">And learn from the land.</l>
        <l n="5">Let down your <covered by="stamp">bucket</covered></l>
        <l n="6">Where you are.</l>
        <l n="7">Your fate is <covered by="stamp">here</covered></l>
        <l n="8">And not afar.</l>
        <l n="9">To help <covered by="stamp">yourself</covered></l>
        <l n="10">And your fellow <covered by="stamp">man,</covered></l>
        <l n="11">Train your head,</l>
        <l n="12">Your heart, <undl>and your hand.</undl></l>
        <l n="13">For smartness alone's</l>
        <l n="14">Surely not meet—</l>
        <l n="15">if you haven't at the same time</l>
        <l n="16">Got something to eat.</l>
        <l n="17">Thus at Tuskegee</l>
        <l n="18">He built a school</l>
        <l n="19">With book-learning there</l>
        <l n="20">And the workman's tool.</l>
        <l n="21">He started out</l>
        <l n="22">In a simple way—</l>
        <l n="23">For yesterday</l>
        <l n="24">Was <undl>not</undl> today.</l>
        <l n="25">Sometimes he had</l>
        <l n="26">Compromise in his talk—</l>
        <l n="27">For a man must crawl</l>
        <l n="28">Before he can walk—</l>
        <l n="29">And in Alabama in '85</l>
        <l n="30">A joker was lucky</l>
        <l n="31">To be alive.</l>
        <l n="32">But Booker T.</l>
        <l n="33">Was nobody's fool:</l>
        <l n="34">You may carve a dream</l>
        <l n="35">With an humble tool.</l>
        <l n="36">The tallest tower</l>
        <l n="37">Can tumble down</l>
        <l n="38">If it be not rooted</l>
        <l n="39">In solid ground.</l>
        <l n="40">So, being a far-seeing</l>
        <l n="41">Practical man,</l>
        <l n="42">He said, Train your head,</l>
        <l n="43">Your heart, <undl>and your hand.</undl></l>
        <l n="44">Your fate is here</l>
        <l n="45">And not afar,</l>
        <l n="46">So let down your bucket</l>
        <l n="47">Where you are.</l>
    </ballad>
    <end_block>
        <covered by="signature">Final draft <location>Hollow Hills Farm</location> Monterey,
            California June 1, 1941</covered>
    </end_block>
    <citation source="langston hughes collection"> Drafts of Langston Hughes's poem "Ballad of
        Booker T.," <when format="nineteenfortyone">30 May–1 June 1941</when>. Manuscript Division,
            <location where="publisher">Library of Congress, Washington, D.C.</location>
    </citation>
    <br_txt>
        <unclear why="backwards">284.26.5.64</unclear>
        <unclear why="cyptic">[.te7069]</unclear>
    </br_txt>
</xml>
